{"biases":[[[-5.918989303224611],[-21.537366941924272],[-5.037083859249874]],[[4.199301094613115],[4.963080865596891],[2.554899596810191],[-3.1492813820805536]],[[3.8027642457142683]]],"weights":[[[13.473315905848677,13.473356379336858,13.473526316220669],[14.266358604628072,14.266359481729658,14.266360302591236],[11.717643962355611,11.717820154152697,11.71781387350274]],[[-6.049295229172742,10.452597920877476,-3.3277244735524687],[-7.591474958288567,11.803756637217887,-3.234486968867303],[-3.447089387134811,7.779276130740265,-2.9169278082500463],[4.055485622763347,-8.622711793628664,3.342982206935355]],[[-3.235518031199121,-5.670854631871002,-1.118073222279195,1.8655681044760097]]]}